OBS,INTRATE,INFL,PROD,UNEMPL,COMMPRI,PCE,PERSINC,HOUST
1960:1,3.99,1.24095,10.03653,3.41845,7.95262,5.70962,1.68419,-11.88896
1960:2,3.97,1.41379,6.96248,3.46575,-8.55856,5.06452,1.33094,-9.83803
1960:3,3.84,1.51881,4.49681,2.71993,-16.83599,5.55733,0.89195,-31.54321
1960:4,3.92,1.93237,1.50624,2.7982,-5.03145,7.77351,0.67636,-18.93082
1960:5,3.85,1.82507,-0.11398,1.72552,-12.4424,4.39179,0.33667,-15.15354
1960:6,3.32,1.71762,-1.48262,1.24443,-24.31655,3.73509,0.06719,-17.0326
1960:7,3.23,1.37221,0.5841,0.93117,-21.90923,4.30682,0.32859,-22.62443
1960:8,2.98,1.47361,3.99058,1.75685,-12.15278,3.58814,0.78085,-6.01399
1960:9,2.6,1.23077,3.02654,1.49544,-21.42857,2.83426,0.94356,-28.76623
1960:10,2.47,1.36286,3.65889,1.47117,-28.68463,3.93067,1.17327,-8.04428
1960:11,2.44,1.46508,1.57608,0.60968,-27.95699,3.89851,0,-12.00565
1960:12,1.98,1.36008,-6.16438,-0.79557,-26.72956,2.62995,-1.40101,-33.604
1961:1,1.45,1.60027,-8.45345,-1.08892,-23.04075,2.65432,-0.27745,-18.9726
1961:2,2.54,1.46209,-7.74406,-1.75554,-17.40558,2.60976,0.15997,-18.42981
1961:3,2.02,1.46209,-6.34209,-1.46168,-12.39092,2.29955,0.43782,18.30478
1961:4,1.49,0.91401,-3.65295,-2.16376,-14.23841,0.35619,0.28552,-9.54228
1961:5,1.98,0.91309,-2.05742,-1.26301,-3.50877,3.02663,0.81369,-3.38316
1961:6,1.73,0.77676,0.57869,-0.68081,-4.94297,3.26778,1.80445,10.82598
1961:7,1.17,1.25212,2.09045,-0.33331,2.00401,2.80289,2.07424,11.52882
1961:8,2,1.11449,3.13953,0.04975,3.16206,3.19277,2.18966,-2.38095
1961:9,1.88,1.24958,4.11269,0.29505,11.36364,3.32534,2.13053,30.26436
1961:10,2.26,0.77311,6.23502,0.69814,23.33333,3.33532,2.81513,13.5634
1961:11,2.61,0.67159,9.4271,1.44731,10.66098,4.34783,4.27762,11.1557
1961:12,2.33,0.67092,12.53042,2.09698,20.81545,6.39132,5.41989,28.41016
1962:1,2.15,0.67024,11.42146,2.25025,16.29328,6.34396,4.03845,15.04649
1962:2,2.37,0.90483,13.38207,3.04541,8.74751,6.07421,4.12744,4.24144
1962:3,2.85,1.1059,13.30117,3.00771,13.14741,5.85626,4.39266,9.98476
1962:4,2.78,1.34183,11.25605,3.68478,3.4749,6.35907,4.58047,30.70326
1962:5,2.36,1.34048,9.45158,3.42475,-5.45455,6.49236,3.81927,20.76547
1962:6,2.68,1.23995,7.71031,3.08835,3.4,5.74275,2.84419,1.5919
1962:7,2.71,1.00267,7.50858,2.99873,1.37525,6.09792,2.89593,8.61423
1962:8,2.93,1.1356,6.6516,2.8362,-8.62069,6.07122,3.00808,15.625
1962:9,2.9,1.46765,7.44926,2.9216,-15.76994,7.07451,2.9436,-7.3478
1962:10,2.9,1.33422,5.53736,2.78603,-20.9009,5.79251,2.34573,8.33922
1962:11,2.94,1.33422,4.36192,2.39848,-9.24855,6.22146,1.76733,17.11191
1962:12,2.93,1.23292,3.45944,2.10858,-15.98579,6.00737,1.65456,14.57875
1963:1,2.92,1.33156,5.12534,2.2317,-15.0613,5.99378,2.66613,-8.59662
1963:2,3,1.22883,4.61392,1.88994,-5.48446,5.44429,1.55809,13.92801
1963:3,2.98,1.12695,4.69586,1.89232,-16.37324,4.88963,1.32498,6.30631
1963:4,2.9,0.89374,5.43139,1.75893,2.61194,4.78309,1.38522,10.82677
1963:5,3,0.89286,6.8234,1.77791,29.03846,4.16552,1.70714,10.65408
1963:6,2.99,1.32406,7.37173,1.8223,13.53965,5.8742,2.18036,13.10541
1963:7,3.02,1.55526,5.926,1.87996,18.21705,6.35535,1.87095,11.31034
1963:8,3.49,1.55218,6.02527,1.91984,25.36688,6.41167,2.23218,8.04219
1963:9,3.48,0.98619,6.40762,1.96509,27.31278,4.49499,2.93953,33.1571
1963:10,3.5,1.21791,7.03029,2.21802,75.17084,5.28466,3.13049,16.04697
1963:11,3.48,1.31666,7.10565,2.13893,40.55202,4.75551,2.9475,0
1963:12,3.38,1.64582,6.89659,2.37738,36.15222,5.6402,3.29496,-4.66752
1964:1,3.48,1.64258,7.05405,2.44315,23.71134,5.97493,2.99155,28.85852
1964:2,3.48,1.41076,6.56405,2.70496,16.24758,7.19636,3.92687,25
1964:3,3.43,1.40937,5.91247,2.7982,27.57895,7.19233,5.92011,-1.10821
1964:4,3.47,1.54199,6.66669,2.37186,18.90909,7.05945,6.01801,-14.2688
1964:5,3.5,1.54048,5.98784,2.60174,-10.13413,8.31568,6.23325,-10.60329
1964:6,3.5,1.30676,5.96997,2.75866,0.34072,7.79901,6.0171,-2.39295
1964:7,3.42,1.07527,7.09293,2.85065,-0.16393,7.95012,6.30249,-3.22181
1964:8,3.5,0.97561,7.57727,3.00299,3.17726,8.17171,6.48771,-4.2709
1964:9,3.45,1.17188,6.91034,3.19919,12.11073,8.11091,6.1469,-17.47022
1964:10,3.36,1.20325,4.70567,2.63599,-10.53316,8.71928,5.48242,-14.3339
1964:11,3.52,1.39701,7.41464,3.42677,3.47432,6.92485,5.89646,-8.38471
1964:12,3.85,1.19819,8.89537,3.5931,8.07453,6.68016,6.09531,-0.46948
1965:1,3.9,1.0989,9.1084,3.64604,17.83333,6.97206,5.94727,-15.09669
1965:2,3.98,1.19702,9.04703,3.54799,7.8203,7.81133,5.65244,-21.26374
1965:3,4.04,1.19586,10.49068,3.6357,6.43564,7.82803,3.58399,-6.19644
1965:4,4.09,1.38934,9.1854,4.03474,5.04587,8.47794,3.21067,-0.69061
1965:5,4.1,1.61394,9.41628,4.13676,16.08624,7.13936,3.77568,0.74983
1965:6,4.04,1.93486,9.95298,4.24074,24.27844,5.80238,3.53707,-4
1965:7,4.09,1.80529,10.26125,4.36547,17.89819,6.28159,4.25281,-2.11268
1965:8,4.12,1.61031,10.00925,4.45078,14.26256,6.38298,4.16697,-8.73168
1965:9,4.01,1.73745,9.87973,4.39197,2.31481,8.48514,6.61926,1.85567
1965:10,4.08,1.70308,12.54696,4.9733,-0.2907,9.2575,6.02702,-4.72441
1965:11,4.1,1.73021,9.62753,4.6946,3.06569,10.26625,6.21849,-1.74966
1965:12,4.32,1.92,9.69479,4.88043,-3.73563,9.6537,5.63646,11.5903
1966:1,4.42,1.91816,9.59147,4.94268,7.35502,9.6,5.54832,0.66128
1966:2,4.6,2.55754,9.62066,5.01003,24.84568,9.00463,5.91472,-3.8381
1966:3,4.65,2.77866,9.66891,5.31473,32.86822,9.63356,5.91592,-2.03795
1966:4,4.67,2.86807,9.36686,5.27224,22.12518,9.14077,5.42043,-5.98053
1966:5,4.9,2.76366,9.55241,5.32136,19,8.12414,4.46033,-14.41137
1966:6,5.17,2.43594,9.22289,5.6352,11.3388,9.27031,4.78845,-19.75806
1966:7,5.3,2.75491,8.79852,5.47545,11.00279,8.96739,4.11473,-28.97319
1966:8,5.53,3.48653,8.42467,5.35539,12.76596,8.7191,4.12022,-21.85754
1966:9,5.4,3.57369,9.15984,5.12929,11.16139,8.24127,1.89756,-29.4197
1966:10,5.53,3.79147,8.81857,5.08118,2.47813,6.51274,2.90106,-41.94215
1966:11,5.76,3.55906,7.62205,4.87443,1.84136,6.74353,2.58668,-34.17808
1966:12,5.4,3.3595,6.54677,4.61963,0.89552,6.55419,2.07119,-40.21739
1967:1,4.94,3.1995,6.00818,4.60434,-3.95257,6.24732,2.995,-22.11679
1967:2,5,2.86783,4.13063,4.19135,-23.60939,4.84179,2.8093,-18.50508
1967:3,4.53,2.54817,2.14574,3.69984,-36.9895,4.39353,3.27355,-24.24677
1967:4,4.05,2.54027,2.94568,3.20165,-32.89631,5.12982,3.55333,-19.30473
1967:5,3.94,2.31839,1.08551,2.99477,-32.65306,6.16294,3.61982,3.083
1967:6,3.98,2.84126,0.59891,2.5581,-28.34356,6.57287,3.56704,4.52261
1967:7,3.79,2.92758,-0.17672,2.46652,-19.82434,5.44472,3.63921,25.59853
1967:8,3.9,2.60337,1.65672,2.53461,-15.09434,5.51881,3.46253,25.73727
1967:9,3.99,2.59542,0.55412,2.35134,2.03528,5.38885,2.8743,35.85086
1967:10,3.88,2.58752,0.67564,2.11398,11.94879,4.88753,2.46939,76.86833
1967:11,4.13,3.10219,2.82309,2.59001,16.55076,5.58386,2.62205,60.04162
1967:12,4.51,3.28068,3.69076,2.60736,17.75148,6.73975,3.62158,32.12121
1968:1,4.6,3.64742,3.093,2.13739,6.99588,7.39543,2.71493,29.33458
1968:2,4.71,3.63636,4.64923,2.73125,23.46278,8.20336,3.291,35.35174
1968:3,5.05,3.93939,5.57107,2.69342,40.92593,9.72614,3.48016,38.82576
1968:4,5.76,3.92749,4.73607,3.18939,26.99822,8.46445,3.95372,42.43813
1968:5,6.11,4.22961,6.84295,3.09971,23.35116,9.42346,4.13392,7.97546
1968:6,6.07,4.2042,7.2489,3.27605,20.54795,9.71429,4.18834,12.58013
1968:7,6.02,4.49102,7.32901,3.39672,5.00782,11.11549,3.53767,10.85044
1968:8,6.03,4.47761,5.60507,3.30501,10.07407,11.18511,3.30081,6.25444
1968:9,5.78,4.46429,6.17723,3.51097,-3.7234,10.16851,3.29901,9.50035
1968:10,5.91,4.74777,5.52866,3.76746,-10.03812,11.5812,3.69689,5.23139
1968:11,5.82,4.42478,5.38655,3.42114,-17.06444,11.44567,3.45684,5.98179
1968:12,6.02,4.70588,4.59288,3.50673,-3.51759,9.77558,2.89846,18.34862
1969:1,6.3,4.69208,5.33904,3.94132,-1.15385,9.91533,2.57839,28.18841
1969:2,6.61,4.67836,5.63462,3.69709,4.32503,10.35193,1.84089,12.17105
1969:3,6.79,5.24781,6.13162,3.87845,4.3364,8.22169,1.05935,6.48022
1969:4,7.41,5.52326,5.58813,3.72585,10.20979,9.19941,0.64237,-1.9305
1969:5,8.67,5.50725,4.02247,3.954,14.59538,9.21148,1.40783,12.42898
1969:6,8.9,5.4755,4.6541,4.02333,14.91477,8.06394,1.69395,8.75445
1969:7,8.61,5.44413,5.36809,3.82239,20.56632,7.0415,2.66878,-9.52381
1969:8,9.19,5.42857,5.31648,3.91933,13.59354,7.61099,3.24605,-9.16388
1969:9,9.15,5.69801,4.89562,3.54812,14.91713,7.96414,3.48571,-3.1491
1969:10,9,5.66572,4.71836,3.49243,20.48023,8.22995,3.43212,-11.98215
1969:11,8.85,5.9322,2.40673,3.04704,17.69784,7.62037,3.18974,-24.60123
1969:12,8.97,5.89888,1.81025,2.87959,7.03125,8.05613,3.01216,-14.27649
1970:1,8.98,6.16246,-0.67584,2.50295,4.53956,7.77131,3.73247,-38.66591
1970:2,8.98,6.42458,-1.37254,2.30129,-6.40704,7.70144,4.0134,-23.46041
1970:3,7.76,6.09418,-2.26684,2.213,-14.60957,7.37663,4.1614,-15.50288
1970:4,8.1,6.06061,-2.15817,1.82098,-4.69543,7.11283,5.5043,-17.06037
1970:5,7.94,6.04396,-1.90142,1.13042,-1.26103,7.0371,3.75211,-18.50916
1970:6,7.6,6.01093,-3.16469,0.55637,-8.77627,7.56191,2.66642,-9.35864
1970:7,7.21,5.70652,-3.43678,0.45809,-10.5068,7.6222,3.57496,10.89181
1970:8,6.61,5.69106,-3.83011,-0.10281,-18.72038,7.05632,3.25453,3.01915
1970:9,6.29,5.66038,-4.47148,0.04371,-15.14423,7.49064,3.20879,1.79164
1970:10,6.2,5.63003,-6.40981,-0.84505,-20.51583,6.44172,2.36929,14.40985
1970:11,5.6,5.6,-6.09163,-0.95376,-16.74817,5.82556,2.03832,34.01139
1970:12,4.9,5.57029,-3.67612,-0.63167,-21.53285,6.87831,2.26953,42.6526
1971:1,4.14,5.27704,-1.10397,-0.43554,-19.23077,7.56036,3.31811,68.47926
1971:2,3.72,4.72441,-1.2273,-0.69842,-13.28859,7.16648,3.15367,33.40996
1971:3,3.71,4.43864,-1.20614,-0.82993,-1.17994,7.86481,3.13428,44.80667
1971:4,4.15,4.15584,-0.39521,-0.43589,-5.7257,8.28885,2.07847,57.12025
1971:5,4.63,4.40415,0.22678,0.17435,-8.55683,7.58471,2.98957,58.83721
1971:6,4.91,4.38144,0.97375,0.31536,5.82656,8.28183,5.47282,46.28159
1971:7,5.31,4.37018,0.43426,0.36874,0.27624,7.75982,2.31893,37.31048
1971:8,5.56,4.35897,0.02982,0.61607,5.53936,7.96758,2.52156,54.25304
1971:9,5.55,4.08163,2.36103,0.94294,-25.92068,8.18058,2.63346,33.05085
1971:10,5.2,3.80711,5.23235,1.59248,-23.74631,8.73654,3.51056,34.68354
1971:11,4.91,3.53535,6.32302,2.04093,-20.85169,9.80839,4.06719,32.4833
1971:12,4.14,3.26633,5.13555,1.86184,0.93023,9.45095,4.39048,21.23613
1972:1,3.5,3.25815,6.83873,2.22815,21.8126,8.18074,2.18621,36.43326
1972:2,3.29,3.7594,8.05876,2.60712,14.70588,8.36273,2.63902,37.27743
1972:3,3.83,3.5,8.97532,2.94387,10.29851,9.86823,2.62168,22.19895
1972:4,4.17,3.49127,9.49161,2.99281,3.67232,9.27805,2.48797,13.2427
1972:5,4.27,3.22581,8.8828,3.11592,-0.27933,9.67928,2.82671,8.39434
1972:6,4.46,2.96296,8.71351,3.51845,-10.11524,8.8613,0.993,11.2537
1972:7,4.55,2.95567,8.98894,3.35554,-2.75482,10.18717,3.23351,8.1133
1972:8,4.8,2.9484,11.08177,3.87838,-3.1768,10.15581,3.6487,10.37998
1972:9,4.87,3.18627,10.14216,3.69465,29.63671,9.57849,3.77643,21.55806
1972:10,5.04,3.17848,10.82484,4.23076,39.26499,11.07546,5.99723,16.77632
1972:11,5.06,3.41463,11.61519,4.34401,38.21892,11.03725,6.85958,10.95325
1972:12,5.33,3.40633,11.60958,4.38509,19.81567,10.67708,6.55512,3.09368
1973:1,5.94,3.64078,9.70719,4.38402,4.53972,11.64346,6.61438,-0.52125
1973:2,6.58,3.86473,10.31674,4.63167,18.48853,12.19314,6.8067,-4.22594
1973:3,7.09,4.83092,9.56013,4.57879,21.7862,11.16738,6.85646,1.32819
1973:4,7.12,5.3012,8.25437,4.49954,20.29973,11.06394,6.89339,-7.33659
1973:5,7.84,5.52885,9.00275,4.32711,25.07003,11.05111,6.33466,2.02611
1973:6,8.49,5.9952,8.78738,4.23943,24.78632,10.86643,6.39386,-8.29636
1973:7,10.4,5.74163,9.29423,4.34553,-1.41643,10.95695,5.81297,-5.72824
1973:8,10.5,7.39857,7.66619,4.08428,22.82454,9.92671,4.52765,-13.89589
1973:9,10.78,7.36342,7.82148,4.0572,35.84071,11.29712,4.66038,-24.46594
1973:10,10.01,8.05687,7.09372,3.92779,29.02778,9.23019,3.04153,-32.51509
1973:11,10.03,8.25472,6.41258,3.9284,31.00671,9.57845,2.06603,-28.78976
1973:12,9.95,8.94118,4.94796,3.67344,20.76923,8.78019,1.26909,-35.50296
1974:1,9.65,9.60187,3.51115,3.28348,14.95778,8.37511,1.10883,-41.51552
1974:2,8.97,10,1.67359,2.94276,6.60592,7.7853,-0.40838,-23.46003
1974:3,9.35,10.13825,1.63533,2.63617,4.44444,8.28339,-1.45269,-34.24947
1974:4,10.51,10.06865,1.51808,2.52044,5.88901,9.01816,-1.69255,-22.88868
1974:5,11.31,10.70615,1.60822,2.48023,3.35946,9.63112,-1.93759,-37.06973
1974:6,11.93,10.85973,1.44543,2.23055,1.14155,9.94325,-2.26496,-26.80213
1974:7,12.92,11.53846,1.01031,2.24155,29.88506,9.82821,-1.97344,-38.01225
1974:8,12.01,10.88889,0.21898,1.88295,0,11.89613,-2.14167,-44.31984
1974:9,11.34,11.9469,-0.61353,1.72757,-12.05212,9.86336,-2.78904,-38.63394
1974:10,10.06,11.84211,-1.6633,1.3182,-18.51453,10.48517,-3.1898,-36.19559
1974:11,9.45,12.20044,-5.37776,0.44794,-27.2541,9.0371,-3.84229,-40.48724
1974:12,8.53,12.09503,-8.47572,-0.4844,-31.31635,9.69945,-3.46219,-36.10747
1975:1,7.13,11.75214,-9.08949,-1.03324,-43.2319,10.26625,-2.84599,-28.87664
1975:2,6.24,11.20507,-10.93077,-1.70598,-47.86325,11.18214,-2.0341,-48.40183
1975:3,5.54,10.46025,-11.8841,-2.10356,-54.57447,9.88597,-1.22389,-36.14148
1975:4,5.49,10.18711,-11.51573,-2.45082,-54.4385,9.25824,0.73009,-37.46111
1975:5,5.22,9.25926,-12.36068,-2.44949,-50.81257,10.48361,6.61536,-21.3885
1975:6,5.55,9.18367,-11.68301,-2.64879,-50.3386,10.66781,3.01159,-28.15598
1975:7,6.1,9.53347,-10.73194,-2.37299,-41.37168,10.89594,0.90865,-6.83891
1975:8,6.14,8.61723,-9.04823,-1.86215,-20.09292,9.70102,2.02987,10.33275
1975:9,6.24,7.90514,-7.9719,-1.75675,-9.1358,10.49331,2.49054,9.91304
1975:10,5.82,7.64706,-7.25017,-1.39134,-0.5284,10.63476,2.40424,25.60748
1975:11,5.22,7.37864,-3.83546,-0.74239,-0.28169,12.5261,2.84709,32.55361
1975:12,5.2,7.12909,0.89754,0.46486,-0.46368,13.5741,2.90429,35.48718
1976:1,4.87,6.69216,3.80987,1.5641,29.7597,13.51545,3.60112,32.46124
1976:2,4.77,6.27376,7.28389,2.46753,50,11.98426,4.19122,70.13274
1976:3,4.84,6.06061,8.54304,3.13116,74.00468,12.56297,4.42756,43.10171
1976:4,4.82,5.84906,9.0172,3.70254,78.16901,13.09667,2.59087,38.80597
1976:5,5.29,6.21469,9.76929,3.50809,71.80617,10.1743,-2.96421,30.15165
1976:6,5.48,5.98131,9.02601,3.73236,82.04545,11.05821,0.5412,37.5345
1976:7,5.31,5.55556,8.50289,3.61865,58.86792,10.545,2.67443,14.27406
1976:8,5.29,5.71956,8.27352,3.30374,6.5407,10.587,2.19326,23.01587
1976:9,5.25,5.49451,7.24371,3.44685,-4.07609,10.80212,1.91618,36.07595
1976:10,5.02,5.46448,6.84577,3.05668,-10.88977,10.93868,1.37666,21.20536
1976:11,4.95,5.06329,8.12801,3.29171,-1.55367,10.54731,2.34074,20.66176
1976:12,4.65,5.03597,7.91395,3.11467,17.70186,10.9375,2.52298,36.56321
1977:1,4.61,5.19713,5.78198,2.7845,11.68091,9.7251,1.45628,11.70446
1977:2,4.68,6.08229,6.37315,2.75448,4.91803,11.13413,-0.03172,26.3329
1977:3,4.69,6.42857,7.58915,2.96272,8.88291,11.04448,1.13379,45.17945
1977:4,4.73,6.95187,7.94488,3.07345,3.82082,10.80865,1.34971,35.62724
1977:5,5.35,6.73759,8.36953,3.50267,-2.94872,11.95449,1.44561,35.09253
1977:6,5.39,6.70194,9.17338,3.92058,-10.2372,10.7971,1.85234,26.62207
1977:7,5.42,6.66667,8.71866,4.13466,-18.05226,11.37922,1.97983,46.89507
1977:8,5.9,6.63176,7.99398,4.22814,-3.95634,11.02973,2.2354,30.32258
1977:9,6.14,6.42361,8.18618,4.55615,-7.36544,10.75636,2.76771,13.31395
1977:10,6.47,6.39033,8.40187,4.86703,-3.87481,11.42857,3.66861,25.35298
1977:11,6.51,6.71256,6.90698,4.90547,-11.04735,11.60527,3.59269,24.43632
1977:12,6.56,6.67808,5.95613,4.92243,-11.34565,10.31217,3.73827,18.73614
1978:1,6.7,6.81431,5.08634,4.83691,-9.31122,9.49565,3.66179,12.50819
1978:2,6.78,6.23946,4.04169,4.88961,-3.125,10.14833,5.16603,-10.55069
1978:3,6.79,6.37584,4.69798,5.00055,-10.63041,11.34037,4.46866,-1.50267
1978:4,6.89,6.5,5.92657,5.42525,-0.1269,12.04289,4.4634,16.12051
1978:5,7.36,7.14286,5.39442,5.3844,8.05812,12.4087,4.24901,5.27651
1978:6,7.6,7.43802,5.34468,5.41048,14.46453,12.91163,3.75648,9.35024
1978:7,7.81,7.73026,5.12717,5.27428,20.28986,11.50249,3.51717,1.65209
1978:8,8.04,7.85597,5.49066,5.30491,21.30682,12.61156,3.47996,-1.18812
1978:9,8.45,8.48287,5.28945,4.89154,32.72171,12.29382,2.93847,1.07748
1978:10,8.96,8.92857,5.89272,4.96456,34.57364,11.9227,2.5589,-2.98727
1978:11,9.76,8.87097,6.59459,5.01111,35.64516,11.63158,1.85503,2.54652
1978:12,10.03,8.98876,7.05003,5.05284,25.74405,12.03614,2.02543,-4.57516
1979:1,10.07,9.2504,7.80458,4.98256,20.67511,13.00075,2.78957,-5.12224
1979:2,10.06,9.84127,7.86224,4.83355,16.26344,11.97292,2.59943,-12.54315
1979:3,10.09,10.25237,6.22235,4.70273,21.30014,11.11915,2.06638,-9.10433
1979:4,10.01,10.48513,2.91978,3.77772,9.65693,10.14855,0.93621,-20.43696
1979:5,10.24,10.69767,3.36189,3.79382,6.23472,10.36796,0.55375,-9.59036
1979:6,10.29,11.07692,2.64002,3.63193,7.77643,10.47699,0.30462,-7.58454
1979:7,10.47,11.45038,2.50967,3.45164,12.16867,11.13363,0.55716,-15.86998
1979:8,10.94,11.83612,1.46016,3.21898,0.23419,11.62646,0.2728,-10.92184
1979:9,11.43,11.8797,1.30133,3.08955,-2.07373,12.43737,0.20354,-7.00508
1979:10,13.77,12.07154,1.02246,2.87423,-1.38249,11.89667,-0.06931,-15.14387
1979:11,13.18,12.59259,0.20332,2.47197,6.06421,11.9216,0.13362,-27.22063
1979:12,13.78,13.25479,-0.26789,2.25548,-0.11834,11.34289,-0.15271,-26.71233
1980:1,13.82,13.86861,0.83689,2.24299,-3.2634,12.96554,0.23599,-17.73006
1980:2,14.13,14.16185,0.32622,2.05269,-2.31214,12.09253,-0.72528,-11.18421
1980:3,17.19,14.59227,-0.32783,1.692,-4.21893,11.557,-1.80938,-43.31348
1980:4,17.61,14.58924,-1.27343,1.60147,-10.19699,10.19257,-1.6133,-39.87414
1980:5,10.98,14.42577,-4.40804,0.6994,-18.52704,9.06124,-1.45366,-50.58635
1980:6,9.47,14.26593,-5.58131,-0.0111,-28.52311,9.07825,-1.07538,-37.4804
1980:7,9.03,13.15068,-6.04374,-0.419,-36.30505,10.13144,-0.89047,-27.89773
1980:8,9.61,12.89009,-5.16392,-0.22149,-21.72897,9.13749,-0.82113,-19.2351
1980:9,10.87,12.76882,-3.73245,-0.12732,-20,8.91276,-0.22295,-19.70524
1980:10,12.81,12.63298,-3.05204,0.00995,-12.14953,10.59538,0.87685,-9.39917
1980:11,15.85,12.63158,-1.27508,0.1899,-14.01345,10.14022,0.8155,-0.91864
1980:12,18.9,12.35371,-0.79536,0.29777,-11.61137,11.06123,1.03113,-1.06809
1981:1,19.08,11.79487,-1.76409,0.2588,-8.07229,10.17278,-0.103,15.36167
1981:2,15.93,11.39241,-2.30231,0.24537,-16.09467,10.77627,0.08885,-7.7037
1981:3,14.7,10.61174,-1.4673,0.23738,-13.57143,11.4284,1.1405,24.73734
1981:4,15.72,10.13597,0.12164,0.47661,-9.41935,12.33304,1.43416,29.40057
1981:5,18.52,9.79192,3.25722,0.96661,-6.49718,12.55061,1.91814,22.97735
1981:6,19.1,9.69697,5.0305,1.54386,11.67192,12.50725,2.29995,-12.62542
1981:7,19.04,10.77482,6.40136,1.96467,12.81619,11.10667,2.91504,-17.9669
1981:8,17.82,10.81731,6.09781,1.63046,-2.08955,11.43294,2.98753,-34.54039
1981:9,15.87,10.96544,3.7369,1.40672,-3.23529,10.31893,2.31888,-38.06934
1981:10,15.08,10.27155,1.75829,0.98242,-23.53723,8.00923,1.31611,-42.67892
1981:11,13.31,9.57944,-1.10036,0.46613,-23.85919,7.76964,1.10305,-44.56954
1981:12,12.37,8.91204,-2.75804,-0.05498,-26.6756,7.24333,0.49321,-38.59649
1982:1,13.22,8.25688,-4.13644,-0.51627,-36.04194,6.54505,1.01144,-45.50743
1982:2,14.78,7.61364,-1.78726,-0.59602,-36.10719,6.98634,1.65713,-30.49759
1982:3,14.68,6.88488,-3.03268,-0.85298,-51.23967,6.09507,1.39846,-28.71363
1982:4,14.94,6.62177,-3.45799,-1.239,-49.1453,6.18616,2.72395,-32.57353
1982:5,14.45,6.91193,-4.65282,-1.29911,-37.46224,6.65728,2.13397,-10.08772
1982:6,14.15,7.18232,-5.39575,-1.77724,-44.0678,5.76219,1.05771,-13.68421
1982:7,12.59,6.55738,-6.30644,-2.27069,-39.01345,6.65056,0.55291,12.00768
1982:8,10.12,5.96529,-7.06383,-2.40482,-40.2439,5.78231,0.38743,11.2766
1982:9,10.31,4.94092,-6.77416,-2.50987,-37.38602,7.14866,0.495,25.57629
1982:10,9.71,5.03212,-6.96152,-2.70738,-28.69565,8.36639,0.28113,34.36426
1982:11,9.2,4.47761,-6.27788,-2.61925,-36.13014,9.24255,0.65461,63.91876
1982:12,8.95,3.82572,-5.91681,-2.33681,-28.5192,8.92005,1.3023,43.18681
1983:1,8.68,3.70763,-2.21934,-1.73794,-10.45082,9.14689,1.4728,88.1376
1983:2,8.51,3.48469,-4.66725,-1.81533,7.50552,7.99941,1.25655,96.18938
1983:3,8.77,3.59029,-3.17917,-1.48399,35.31073,9.09899,1.76768,72.50269
1983:4,8.8,4,-1.1328,-0.87186,55.7423,10.09274,0.96251,60.52345
1983:5,8.63,3.44108,0.17041,-0.51494,45.65217,10.02493,1.73631,73.26829
1983:6,8.98,2.47423,1.07178,0.17582,55.30303,11.24768,2.24418,92.1286
1983:7,9.37,2.35897,2.94234,1.02545,54.90196,11.27175,2.52749,53.08748
1983:8,9.56,2.4565,4.95499,0.85941,77.04082,11.57076,2.39761,82.60038
1983:9,9.45,2.76356,6.90035,2.31434,65.04854,10.91564,3.00367,49.47552
1983:10,9.48,2.75229,8.73419,2.93793,69.02439,10.8462,3.92962,46.20631
1983:11,9.34,3.16327,9.52928,3.47814,82.57373,10.01067,4.41276,30.10204
1983:12,9.47,3.7871,10.87663,3.8955,82.6087,10.63486,4.84962,29.5472
1984:1,9.56,4.29009,10.98836,4.13516,47.36842,11.17839,5.16382,19.60908
1984:2,9.59,4.69388,12.19751,4.76394,45.99589,10.30644,5.76398,33.01942
1984:3,9.91,4.89297,11.81892,4.87036,53.65344,10.31423,5.96011,3.54919
1984:4,10.29,4.55466,11.18605,4.95267,29.31655,10.34143,6.50174,25.74728
1984:5,10.32,4.33468,10.93375,4.97194,3.64842,10.16437,6.30853,-0.11261
1984:6,11.06,4.32596,10.6896,4.95101,4.06504,9.66328,7.10851,6.34737
1984:7,11.23,4.30862,9.39336,4.81203,-3.00633,8.29363,5.90422,-2.96919
1984:8,11.64,4.2957,8.25525,5.43869,-15.41787,8.3276,6.71818,-16.96335
1984:9,11.3,4.28287,6.45788,4.49001,-21.47059,8.6016,6.86357,-0.70175
1984:10,9.99,4.26587,5.4637,4.49311,-25.39683,7.46888,5.52042,-7.28863
1984:11,9.43,4.1543,5.50866,4.47149,-19.23642,8.78333,5.04752,-5.37815
1984:12,8.38,4.04339,5.09578,4.20701,-28.9916,8.01118,4.73968,-4.50237
1985:1,8.35,3.52595,2.78288,3.99253,-26.08696,8.35465,4.19514,-9.80496
1985:2,8.5,3.60624,2.72472,3.58868,-36.99015,9.98713,2.62753,-27.78761
1985:3,8.58,3.79009,2.39483,3.65411,-37.22826,9.04613,1.47714,8.23812
1985:4,8.27,3.5818,1.47857,3.46192,-38.66481,8.35702,2.5019,-1.62075
1985:5,7.97,3.57488,1.14373,3.41445,-22.08,9.11767,4.73124,-5.29876
1985:6,7.53,3.66442,0.86215,3.15414,-33.75,7.9202,1.80921,-9.06131
1985:7,7.88,3.45821,-0.16334,3.01397,-25.61175,9.0142,1.89241,-2.77136
1985:8,7.9,3.35249,0.20014,2.95473,-25.04259,9.7006,1.09041,9.89912
1985:9,7.92,3.24737,0.80217,2.8329,-17.0412,10.44365,0.816,-1.29564
1985:10,7.99,3.23501,0.52591,2.72195,-10.25145,9.0182,1.7233,15.34591
1985:11,8.05,3.51377,0.47327,2.56619,-16.90909,7.91515,1.51968,0.53286
1985:12,8.27,3.79147,1.41081,2.60335,-3.94477,8.98842,1.51131,20.47146
1986:1,8.14,3.97351,2.14762,2.44986,1.68067,8.07219,1.6,15.25424
1986:2,7.86,3.19849,0.99275,2.42909,10.9375,6.89421,3.05906,13.23529
1986:3,7.48,2.15356,0.19435,2.1602,6.06061,6.69603,4.60658,4.22222
1986:4,6.99,1.58879,0.51223,2.14656,-2.94785,6.67441,3.26172,6.15047
1986:5,6.85,1.6791,0.57518,1.98946,1.64271,6.02757,1.02904,10.35714
1986:6,6.92,1.76744,0.18386,1.74022,20.99057,6.45352,3.17862,10.20286
1986:7,6.56,1.67131,1.52469,1.86791,8.11404,6.14476,3.50961,5.81948
1986:8,6.17,1.57553,0.87043,1.78349,17.04545,5.37156,3.76436,3.67183
1986:9,5.89,1.75763,0.61445,1.92667,28.89391,6.3801,3.41601,0.65632
1986:10,5.85,1.56682,1.47495,1.92094,22.62931,6.46164,2.82062,-8.34242
1986:11,6.04,1.2844,1.62017,1.8935,24.9453,5.71388,2.6737,-4.41696
1986:12,6.91,1.18721,1.4313,1.92883,17.04312,6.66005,2.24182,-5.61277
1987:1,6.43,1.36488,0.65047,1.97399,26.23967,3.93193,2.46117,-10.04057
1987:2,6.1,1.91431,2.65971,2.09832,25.75453,6.54493,2.47569,-3.4632
1987:3,6.13,2.84143,3.4863,2.25299,27.95918,6.83317,1.54427,-7.99574
1987:4,6.37,3.67985,4.06859,2.40108,53.27103,7.29317,-2.68087,-16.50285
1987:5,6.85,3.66972,4.54751,2.49776,36.56566,6.79331,1.13689,-12.18986
1987:6,6.73,3.74771,5.38925,2.76839,41.52047,7.47868,1.04947,-13.69789
1987:7,6.58,3.92694,5.41043,2.7887,50.70994,7.5102,0.79185,-11.61616
1987:8,6.73,4.28832,6.49261,2.84274,50.29126,8.10347,1.05635,-11.17875
1987:9,7.22,4.27273,6.57005,2.71379,35.37653,5.30389,0.95939,0.47421
1987:10,7.29,4.35572,7.65134,3.01438,37.25835,6.96561,1.65185,-9.87507
1987:11,6.69,4.52899,7.72755,3.05465,38.70403,7.45147,1.95517,2.03327
1987:12,6.77,4.33213,7.33967,3.13697,40.70175,5.9818,2.68507,-23.62248
1988:1,6.83,4.12926,7.71031,3.05414,28.80524,9.51897,2.62042,-28.354
1988:2,6.58,3.9356,6.79476,3.26612,29.92,7.35952,2.64159,-17.43274
1988:3,6.58,3.83244,6.87528,3.28477,18.81978,8.23537,2.93294,-11.23986
1988:4,6.87,3.9929,6.77733,3.1822,23.47561,7.40971,7.35607,-2.54027
1988:5,7.09,3.9823,5.95633,3.17808,20.56213,8.06488,3.32637,-12.71499
1988:6,7.51,3.96476,5.72228,3.36016,11.15702,8.00414,3.85695,-7.27729
1988:7,7.75,4.13005,5.07976,3.2265,9.0175,7.99177,3.96155,-6.85714
1988:8,8.01,4.11199,4.72692,3.17522,1.03359,7.54051,3.82725,-6.97819
1988:9,8.19,4.18483,4.15067,3.27631,-5.82147,7.90671,3.96366,-11.9764
1988:10,8.3,4.26087,3.13019,3.0435,-8.4507,8.86357,3.88426,0.46205
1988:11,8.35,4.2461,2.75482,3.14018,-10.4798,9.05122,3.53777,-5.25362
1988:12,8.76,4.41176,2.72234,3.12741,-12.96758,8.94419,3.18046,11.64286
1989:1,9.12,4.48276,2.96633,3.28649,-10.41931,8.33256,3.42513,27.53737
1989:2,9.36,4.64716,2.11041,3.08509,-16.37931,8.19515,3.18443,-3.25866
1989:3,9.85,4.8927,2.13312,2.9975,-8.85906,7.22131,3.29991,-7.18016
1989:4,9.84,5.03413,1.68673,2.92174,-19.25926,8.48067,2.39194,-14.87603
1989:5,9.81,5.2766,1.05896,2.80961,-27.23926,7.7469,1.76333,-6.33357
1989:6,9.53,5.16949,0.86187,2.56542,-38.04213,7.39897,1.64919,-5.48038
1989:7,9.24,5.06329,-0.15727,2.38758,-40.61728,7.21579,1.63598,-2.72665
1989:8,8.99,4.62185,0.27952,2.31381,-44.62916,7.46092,1.57635,-10.78366
1989:9,9.02,4.43515,0.27951,2.22245,-41.75824,7.27428,1.68778,-14.27614
1989:10,8.84,4.58716,-0.31186,2.06912,-42.65734,6.40159,1.59218,-7.35874
1989:11,8.55,4.65503,-0.15841,2.00439,-42.31312,6.17058,1.65256,-13.8942
1989:12,8.45,4.6396,-0.02714,1.81748,-41.26074,6.45514,1.10427,-19.96161
1990:1,8.23,5.19802,-0.93956,1.88116,-27.94326,7.06592,1.26612,-4.31832
1990:2,8.24,5.26316,0.42358,1.86733,-34.31517,6.8752,1.18395,0.84211
1990:3,8.28,5.23732,0.70657,1.88443,-26.21502,7.31256,0.63654,-9.35302
1990:4,8.26,4.71162,0.51454,1.75802,-22.17125,6.40982,1.72339,-6.79612
1990:5,8.18,4.3654,1.41854,1.7876,-15.51433,6.30694,1.94341,-8.94065
1990:6,8.29,4.67365,1.68223,1.69959,6.4,6.66871,1.86441,-15.74803
1990:7,8.15,4.81928,2.55384,1.63604,6.86071,6.57467,1.80344,-17.93973
1990:8,8.13,5.70281,1.89938,1.38556,22.63279,6.27475,0.92402,-16.29129
1990:9,8.2,6.16987,2.40534,1.07046,65.56604,6.83324,0.62685,-13.21345
1990:10,8.11,6.37959,1.74131,0.82046,79.02439,6.49589,-0.65596,-28.08511
1990:11,7.81,6.19539,0.19898,0.42574,56.96822,6.24915,-0.76965,-15.24796
1990:12,7.31,6.25495,-1.06179,0.28572,43.65854,4.78558,-0.27502,-22.54197
1991:1,6.91,5.64706,-0.8896,-0.13189,1.5748,2.9462,-1.25029,-48.54932
1991:2,6.25,5.3125,-2.46263,-0.63693,-0.22422,3.69846,-1.36121,-32.84621
1991:3,6.12,4.82115,-3.50071,-0.97586,-17.76447,4.19462,-1.18304,-28.54926
1991:4,5.91,4.80993,-3.19319,-1.20434,-23.7721,3.62321,-1.42219,-19.79167
1991:5,5.78,5.03486,-2.38883,-1.45486,-23.7525,4.15293,-1.20463,-17.82178
1991:6,5.9,4.69592,-1.80127,-1.38719,-25.56391,3.55376,-0.91904,-11.97961
1991:7,5.82,4.36782,-1.6828,-1.39483,-25.29183,3.74886,-1.47624,-9.22289
1991:8,5.66,3.79939,-1.80404,-1.19055,-21.2806,3.11514,-0.70428,-5.91928
1991:9,5.45,3.39623,-1.1605,-1.08194,-35.18519,2.94594,-0.40746,-8.55856
1991:10,5.21,2.84858,-0.61849,-0.9235,-31.88011,2.72182,0.54958,6.41026
1991:11,4.81,3.06657,0.48007,-0.83962,-25.8567,3.39986,0.72814,-3.66812
1991:12,4.43,2.98063,0.77916,-0.76585,-16.97793,4.12347,1.1031,11.35191
1992:1,4.03,2.67261,0.61535,-0.60803,-12.0155,6.33295,2.52829,47.36842
1992:2,4.06,2.81899,2.02051,-0.38718,3.14607,6.01293,2.88652,29.53368
1992:3,3.98,3.18991,3.46661,-0.19249,16.74757,5.2065,2.84879,40.82519
1992:4,3.73,3.18283,3.96022,0.14857,31.70103,5.73664,2.79475,9.79021
1992:5,3.82,3.0236,3.28625,0.38156,43.97906,5.72405,3.29887,21.88755
1992:6,3.76,3.01471,2.31244,0.35352,36.11111,6.01198,3.20717,10.52124
1992:7,3.25,3.15712,3.22066,0.44967,46.35417,6.04158,3.33583,7.14958
1992:8,3.3,3.07467,2.58703,0.57429,28.4689,6.37075,3.48727,16.87321
1992:9,3.22,2.9927,1.94121,0.57781,13.40659,6.81546,2.67113,16.84729
1992:10,3.1,3.27988,2.95683,0.72908,-7.2,7.77881,1.84814,15.29194
1992:11,3.09,3.12046,3.48765,0.90952,-11.55462,7.43421,1.69718,10.06346
1992:12,2.92,2.96671,3.95337,1.08102,-1.84049,7.87329,4.33698,13.7164
1993:1,3.02,3.2538,5.09784,1.31762,9.69163,6.28489,1.30436,2.89116
1993:2,3.03,3.24675,4.72342,1.59998,17.42919,6.25486,1.14143,-3.2
1993:3,3.07,3.01941,3.76907,1.50413,11.43451,5.73495,0.67614,-16.49961
1993:4,2.96,3.15638,3.3616,1.63922,6.84932,6.34852,0.85129,14.4677
1993:5,3,3.22119,2.63584,1.76616,-8.36364,6.35042,0.191,3.78913
1993:6,3.04,2.99786,2.8419,1.86992,-6.12245,6.28844,-0.43033,11.79039
1993:7,3.06,2.84698,2.22406,2.08017,-8.54093,6.26806,-0.11066,10.09658
1993:8,3.03,2.84091,2.65155,2.09492,-2.60708,6.14724,-0.297,6.03589
1993:9,3.09,2.764,2.90208,2.28053,-5.03876,6.00388,-0.04215,13.23777
1993:10,2.99,2.75229,2.89745,2.37388,9.69828,5.77437,0.07336,11.89711
1993:11,3.02,2.74455,2.88409,2.48435,25.17815,5.878,0.31291,13.34432
1993:12,2.96,2.81096,3.34664,2.57181,10.625,5.39765,0.19047,24.93888
1994:1,3.05,2.45098,3.27535,2.52994,18.27309,5.62195,0.21333,5.12397
1994:2,3.25,2.51572,2.92734,2.48621,16.88312,6.3553,0.1064,10.49587
1994:3,3.34,2.65178,4.02954,2.9546,17.35075,6.72553,0.75174,44.41367
1994:4,3.56,2.36439,4.27026,2.98352,16.30037,6.30723,0.32319,16.45469
1994:5,4.01,2.28849,5.24278,3.03691,34.52381,5.5817,1.7081,21.11111
1994:6,4.25,2.4948,5.76452,3.15384,37.74704,6.05544,1.72493,10.07813
1994:7,4.26,2.69896,5.63652,3.21741,39.29961,5.63986,1.57766,14.75279
1994:8,4.47,2.90055,6.29516,3.31799,43.78585,6.29125,1.5887,11.53846
1994:9,4.73,2.96552,6.16965,3.41226,63.87755,5.84924,2.27691,9.75428
1994:10,4.76,2.60989,6.25069,3.3382,65.22593,6.1797,3.78472,4.16667
1994:11,5.29,2.60274,6.47499,3.47146,60.34156,5.96055,3.46594,9.81105
1994:12,5.45,2.5974,7.01575,3.42887,64.03013,5.91631,0.52186,-5.08806
1995:1,5.53,2.87081,6.79852,3.46855,46.01019,5.80047,2.85095,10.61321
1995:2,5.92,2.86299,6.66469,3.46506,29.68254,4.71595,2.84304,-1.57068
1995:3,5.98,2.78722,5.73696,3.23626,25.4372,5.16783,2.77999,-20.14066
1995:4,6.05,3.125,5.14636,3.0617,17.32283,4.70719,1.96703,-13.51536
1995:5,6.01,3.11864,4.86733,2.74552,3.9823,5.65555,1.74689,-13.89253
1995:6,6,3.0426,4.57849,2.66703,-7.1736,5.71392,2.25589,-9.08446
1995:7,5.85,2.83019,3.9774,2.41745,-18.15642,5.29447,2.37298,1.52884
1995:8,5.74,2.61745,4.77648,2.38638,-35.50532,5.10349,2.30067,-2.34483
1995:9,5.8,2.54521,4.79547,2.28365,-39.2279,5.15066,2.20748,-7.12347
1995:10,5.76,2.74431,3.76859,2.22834,-44.70868,4.19175,1.38285,-5.58621
1995:11,5.8,2.60347,3.38807,1.98642,-47.33728,4.78333,1.69353,-3.9047
1995:12,5.6,2.53165,2.72752,1.85947,-53.73134,5.30202,1.35351,-1.64948
1996:1,5.56,2.7907,1.84081,1.5581,-53.13953,4.86463,1.09399,4.26439
1996:2,5.22,2.71703,3.52922,1.75078,-52.50918,5.8378,1.65719,13.29787
1996:3,5.31,2.84392,3.23539,1.78594,-49.42966,5.90849,1.73932,14.01121
1996:4,5.22,2.83267,4.1619,1.78518,-44.2953,6.51736,1.9328,19.65272
1996:5,5.24,2.82709,4.59668,2.07331,-28.79433,5.9099,2.22902,14.45967
1996:6,5.27,2.82152,5.05512,2.11435,-25.966,5.09502,2.52969,14.51991
1996:7,5.4,2.88336,5.27838,2.24369,-24.74403,5.68933,2.04981,0.75291
1996:8,5.22,2.8123,4.53686,2.17436,-3.91753,5.40868,2.21585,9.95763
1996:9,5.3,3.00457,4.81735,2.15547,2.66393,5.50322,2.1268,7.74288
1996:10,5.24,3.06189,4.89095,2.23399,-1.72043,6.267,1.99465,1.68006
1996:11,5.31,3.25309,5.53286,2.35724,4.04494,5.85293,1.97643,2.54821
1996:12,5.29,3.37882,5.78999,2.38671,29.03226,5.49989,2.20986,-4.26275
1997:1,5.25,3.03814,6.66029,2.60179,32.25806,6.38102,2.37999,-7.63463
1997:2,5.19,3.03226,6.29235,2.48455,45.36082,5.84938,1.88796,-0.33535
1997:3,5.39,2.76527,7.18688,2.52015,28.07018,5.41144,2.01384,2.31742
1997:4,5.51,2.43434,6.34277,2.62409,21.20482,4.80159,2.67649,-1.58311
1997:5,5.5,2.23785,6.24997,2.56515,-3.38645,4.5186,1.79839,-4.12234
1997:6,5.56,2.23357,5.88839,2.54145,2.08768,5.03455,1.50619,1.84049
1997:7,5.52,2.16561,7.00394,2.58352,17.91383,5.63327,2.18862,-2.37772
1997:8,5.54,2.29008,7.38152,2.40429,11.80258,5.903,2.45902,-10.72575
1997:9,5.54,2.2194,7.64325,2.63811,5.78842,5.74436,2.49542,4.81356
1997:10,5.5,2.08597,8.68893,2.70806,17.28665,5.78716,2.99457,9.1954
1997:11,5.52,1.89036,8.71366,2.708,12.527,5.77116,3.37018,1.41034
1997:12,5.5,1.69705,8.3814,2.81313,0.38462,5.82594,3.57961,14.30657
1998:1,5.56,1.63112,8.76231,2.84147,-11.81989,5.14269,4.17797,12.54613
1998:2,5.51,1.4402,7.55048,2.74646,-19.32624,5.32642,4.55404,6.59489
1998:3,5.49,1.37672,6.88635,2.6041,-13.50294,5.42939,4.69377,7.54976
1998:4,5.45,1.4384,7.17959,2.58725,-19.4831,6.02065,4.96484,3.21716
1998:5,5.49,1.68856,7.16888,2.70173,-15.25773,6.91064,4.95999,6.51872
1998:6,5.56,1.62297,5.94696,2.65596,-19.6319,6.86818,5.22876,9.83936
1998:7,5.54,1.74564,4.6517,2.49572,-26.15385,6.1475,5.00211,18.16284
1998:8,5.55,1.61692,5.79653,2.81009,-27.44722,6.04441,4.81754,16.11511
1998:9,5.51,1.4268,4.59803,2.56464,-35.84906,6.50953,4.86233,2.32859
1998:10,5.07,1.48607,4.47123,2.44221,-35.26119,6.44033,4.54799,12.82895
1998:11,4.83,1.48423,3.51171,2.41688,-33.78119,6.28826,4.32624,9.93377
1998:12,4.68,1.60692,3.54459,2.44633,-38.88889,6.67903,3.92591,14.43167
1999:1,4.63,1.66667,3.50093,2.31996,-28.29787,6.73212,3.38658,14.62295
1999:2,4.76,1.66667,3.88257,2.48828,-22.63736,6.60706,3.05716,5.42929
1999:3,4.81,1.7284,3.99884,2.45013,-3.84615,6.66147,2.5808,9.12572
1999:4,4.74,2.28113,3.83865,2.522,17.03704,7.06532,2.05035,0.84416
1999:5,4.74,2.09102,3.99561,2.35893,24.57421,6.65325,1.84842,4.88281
1999:6,4.76,1.9656,4.51346,2.38896,37.91349,6.52343,1.61826,-4.99695
1999:7,4.99,2.14461,5.57544,2.54112,44.53125,6.65867,1.54321,-1.70789
1999:8,5.07,2.26438,3.84373,2.39113,60.31746,6.78541,1.64362,2.10657
1999:9,5.22,2.62997,3.74131,2.37983,93.52941,6.93615,1.2561,3.35019
1999:10,5.2,2.56254,4.32265,2.5352,98.27089,6.72774,1.71936,-6.23907
1999:11,5.42,2.62035,4.87715,2.53744,97.3913,7.02501,2.0235,-0.72289
1999:12,5.3,2.6764,5.3085,2.48979,111.28527,7.70719,2.68356,-4.6875
2000:1,5.45,2.79296,4.85849,2.57035,114.8368,7.63391,3.14634,-6.40732
2000:2,5.73,3.21797,4.69766,2.3428,103.40909,8.49352,3.20788,4.01198
2000:3,5.85,3.76214,4.94485,2.62157,85.17647,9.0118,3.34568,-6.19883
2000:4,6.02,3.01386,5.51118,2.54471,50.21097,7.6708,3.98183,4.70058
2000:5,6.27,3.13253,4.93056,2.55218,28.32031,7.73659,4.16956,-2.23464
2000:6,6.53,3.73494,5.17817,2.30843,16.05166,7.82725,4.06714,0
2000:7,6.54,3.59928,4.39219,2.19456,14.23423,7.67414,4.51632,-12.34272
2000:8,6.5,3.35129,3.61605,2.05206,-4.12541,7.45736,4.65024,-6.49272
2000:9,6.52,3.4565,4.37974,1.98781,-11.2462,7.89244,4.74101,-7.82875
2000:10,6.51,3.45033,2.64503,1.66294,-16.13372,7.59423,4.27334,-3.66915
2000:11,6.51,3.44418,2.13659,1.60787,-14.68429,7.22569,3.48067,-5.88592
2000:12,6.4,3.43602,1.06058,1.48725,-11.27596,6.2559,2.77211,-10.30445
2001:1,5.98,3.7212,0.28672,1.2877,-10.77348,6.7802,2.49108,-2.20049
2001:2,5.49,3.52941,-0.63376,1.24143,-22.34637,5.72443,2.3071,-6.4479
2001:3,5.31,2.98246,-1.35003,0.86318,-36.59466,4.57646,2.38004,-0.87282
2001:4,4.8,3.21826,-2.36136,0.42989,-32.58427,5.00224,1.73453,1.41451
2001:5,4.21,3.56308,-3.27988,0.22934,-31.35464,5.13418,1.14453,1.90476
2001:6,3.97,3.19396,-3.99725,0.16582,-31.95548,4.77589,0.92387,4.93906
2001:7,3.77,2.72148,-4.39631,-0.05444,-37.06625,4.64401,1.90928,14.14901
2001:8,3.65,2.72148,-4.26228,-0.1641,-39.75904,4.64803,3.13129,1.68722
2001:9,3.07,2.59217,-4.95997,-0.44798,-37.32877,2.04973,2.37818,3.64964
2001:10,2.49,2.12766,-5.10295,-0.68225,-42.28769,4.77773,0.62323,-0.58102
2001:11,2.09,1.89437,-5.61055,-1.07255,-44.92255,3.96712,0.93626,3.2882
2001:12,1.82,1.60367,-5.312,-1.30723,-44.48161,3.02188,1.06822,2.34987
2002:1,1.73,1.1959,-4.02689,-1.3919,-32.04334,2.96585,2.65634,6.125
2002:2,1.74,1.13636,-3.41274,-1.54556,-25.35971,3.27771,2.55575,12.55385
2002:3,1.73,1.36286,-2.3694,-1.54209,4.00802,3.6257,2.1966,3.27044
2002:4,1.75,1.64399,-1.63543,-1.39287,25.625,4.39726,2.72354,-3.45664
2002:5,1.75,1.24083,-0.48766,-1.37062,39.68958,3.36999,3.16527,9.90654
2002:6,1.75,1.06922,1.13672,-1.23062,53.03738,3.79028,3.38796,4.9511
2002:7,1.73,1.46561,1.43922,-1.21048,71.17794,4.43088,1.54161,-0.8982
2002:8,1.74,1.74746,1.66331,-1.10287,75.71429,4.23868,-0.27463,4.21187
2002:9,1.75,1.516,2.1247,-0.96754,70.76503,5.26308,0.51689,15.49296
2002:10,1.75,2.02703,2.31286,-0.6276,75.07508,3.02199,2.33984,7.01299
2002:11,1.34,2.25352,3.39555,-0.39723,74.0625,4.02519,2.32987,9.42572
2002:12,1.24,2.48027,2.88266,-0.38706,71.38554,5.04312,2.37887,14.03061
2003:1,1.24,2.75746,2.94031,-0.21169,30.9795,5.01268,0.27801,9.12839
2003:2,1.26,3.14607,3.21473,-0.22492,57.83133,4.32387,-0.02749,-10.93494
2003:3,1.25,3.02521,2.20046,-0.37033,34.87476,4.82087,0.36995,5.11571
2003:4,1.26,2.17513,0.94976,-0.34299,5.3068,4.30326,0.72919,3.20352
2003:5,1.26,1.89415,0.56439,-0.34455,-18.25397,4.74473,1.2949,-0.73696
2003:6,1.22,1.94878,-0.35192,-0.38037,-13.74046,4.84381,1.41484,8.73617
2003:7,1.01,2.05556,0.47709,-0.2979,-22.40117,4.84362,2.87757,14.62236
2003:8,1.03,2.21607,0.20199,-0.31862,-13.82114,5.77124,3.60148,12.2474
2003:9,1.01,2.37832,0.67197,-0.19387,-10.4,6.03143,2.35078,7.48337
2003:10,1.01,2.04194,1.0603,-0.13933,0.34305,5.64042,2.56144,19.3568
2003:11,1,1.92837,1.31302,-0.13396,14.90126,6.00816,3.08256,18.82487
2003:12,0.98,2.0352,1.68582,0.08047,15.99297,5.58351,2.96312,15.04474
2004:1,1,2.02629,1.27228,0.13326,31.30435,6.03998,3.05264,3.13006
2004:2,1.01,1.68845,1.52052,0.28446,24.42748,6.58207,3.48557,13.32106
2004:3,1,1.74008,1.2073,0.7004,22.85714,6.47001,3.49397,15.75898
2004:4,1,2.29258,2.38748,0.92497,38.58268,6.26362,3.16826,21.91114
2004:5,1,2.89776,3.11769,1.16936,66.99029,7.0894,2.8996,13.13535
2004:6,1.03,3.16767,2.24837,1.21921,43.36283,6.23729,2.55918,-2.08891
2004:7,1.26,2.93958,2.42585,1.2259,45.28302,6.2553,1.57967,5.53506
2004:8,1.43,2.54743,2.71825,1.36077,53.77358,5.27358,1.24638,10.42008
2004:9,1.61,2.53917,2.20698,1.40499,35.71429,6.33731,2.43137,-1.75348
2004:10,1.76,3.19091,3.11586,1.5171,34.18803,6.68264,2.08321,5.33808
2004:11,1.93,3.62162,2.54808,1.55293,15.625,6.38962,1.09548,-14.45031
2004:12,2.16,3.34232,3.36497,1.55606,9.09091,6.79934,4.60219,-0.72922
2005:1,2.28,2.84487,3.57654,1.53427,-8.60927,6.02068,0.98741,12.19257
2005:2,2.5,3.05303,3.69869,1.6813,-19.6319,6.23877,0.81474,19.5558
2005:3,2.63,3.20684,4.14502,1.52757,-15.11628,6.17535,0.76821,-6.70671
2005:4,2.79,3.36179,3.89157,1.61223,-19.31818,7.0539,0.64003,2.89566
2005:5,3,2.86929,3.28539,1.50821,-32.55814,5.6947,0.54078,2.2211
2005:6,3.04,2.54103,4.53704,1.63564,-37.65432,6.95585,0.82495,13.1291
2005:7,3.26,3.06716,3.5361,1.89474,-37.01299,7.22067,0.91494,2.5974
2005:8,3.5,3.64693,3.66294,1.94136,-23.31288,6.97097,0.77305,3.50791
2005:9,3.62,4.74183,1.53272,1.86629,2.63158,6.5759,0.25109,12.91339
2005:10,3.78,4.3501,1.86596,1.66434,7.00637,6.4351,0.64228,-0.33784
2005:11,4,3.33855,2.65629,1.86959,0,6.25768,1.57563,20.4826
2005:12,4.16,3.33855,2.54449,1.88964,-12.5,5.9919,-1.48448,-2.35064
2006:1,4.29,4.01879,2.18765,1.99545,-5.7971,6.79364,3.28747,6.01679
2006:2,4.49,3.63825,1.57525,2.04901,-4.58015,6.51842,3.6806,-3.98731
2006:3,4.59,3.41792,1.92566,2.1566,-8.90411,6.32763,3.54013,5.63305
2006:4,4.79,3.61384,2.17253,2.01515,0.70423,5.82154,3.20021,-11.64483
2006:5,4.94,3.97727,1.84973,1.89878,32.75862,6.60669,2.68353,-4.09877
2006:6,4.99,4.18172,1.83835,1.77137,51.48515,5.79467,2.61417,-12.86267
2006:7,5.24,4.10467,2.05047,1.64057,61.85567,5.55374,2.32888,-15.4333
2006:8,5.25,3.92657,2.2353,1.62999,16.8,5.59024,2.15371,-21.24105
2006:9,5.25,2.01207,4.1251,1.69609,-21.79487,5.27029,3.30838,-20.03719
2006:10,5.25,1.40633,2.75834,1.63486,-44.04762,5.06384,3.40556,-27.79661
2006:11,5.25,1.9687,1.62655,1.53594,-27.7027,4.93452,3.06202,-26.87471
2006:12,5.24,2.52398,2.03343,1.54451,-24.60317,5.42496,2.78408,-17.30191
2007:1,5.25,2.07577,1.42996,1.51181,-18.46154,4.97797,1.51064,-38.01144
2007:2,5.26,2.42026,2.48828,1.34104,-5.6,4.99305,1.34147,-30.15573
2007:3,5.26,2.7982,2.36561,1.26988,-1.50376,5.05557,1.46412,-24.07313
2007:4,5.25,2.59292,2.72167,1.19181,2.0979,4.84967,1.57169,-18.17683
2007:5,5.25,2.70989,2.91418,1.28044,-7.79221,4.91458,1.61108,-27.13697
2007:6,5.25,2.69277,2.51272,1.27532,-11.11111,4.73405,1.26955,-19.64484
2007:7,5.26,2.31789,2.54763,1.09755,-17.19745,4.26478,1.52858,-22.04951
2007:8,5.02,1.89745,2.33528,0.94826,-13.69863,4.61115,1.60673,-19.39394
2007:9,4.94,2.83383,2.90723,0.89602,-3.27869,4.72221,1.24602,-31.22093
2007:10,4.76,3.6107,2.44443,0.95447,34.04255,4.68061,0.48531,-15.22468
2007:11,4.49,4.37327,3.1566,0.88588,26.16822,5.27398,0.03077,-23.75796
2007:12,4.24,4.10881,2.13515,0.83011,43.15789,4.53003,0.19547,-37.1134
2008:1,3.94,4.2947,2.3658,0.66716,43.39623,4.29285,0.39089,-23.066
2008:2,2.98,4.14296,0.9935,0.5395,27.9661,3.80469,0.30654,-25.47297
2008:3,2.61,3.9749,0.5872,0.34489,27.48092,3.86852,0.21409,-32.77592
2008:4,2.28,3.90376,-0.85671,0.13352,15.75342,3.86739,-0.13359,-32.01342
2008:5,1.98,4.08841,-1.35776,-0.10439,22.53521,3.95925,4.72316,-31.23675
2008:6,2,4.93597,-1.54849,-0.2804,34.55882,4.38226,2.08008,-27.76243
2008:7,2.01,5.49751,-2.07565,-0.40802,36.15385,4.01143,0.24535,-31.83161
2008:8,2,5.30802,-3.69811,-0.58347,22.22222,3.46611,-0.61078,-36.54135
2008:9,1.81,4.95332,-8.10225,-0.97281,-9.32203,2.49759,-0.74342,-30.6847
2008:10,0.97,3.73106,-6.86848,-1.3769,-41.26984,1.31319,-0.067,-38.52848
2008:11,0.39,1.09992,-8.57792,-2.0137,-62.22222,-0.77957,0.73554,-45.53049
2008:12,0.16,-0.02223,-11.15061,-2.58547,-73.52941,-2.04471,-0.04459,-45.99807
2009:1,0.15,-0.11359,-12.89047,-3.17132,-61.84211,-1.71732,0.09734,-54.79705
2009:2,0.22,0.00846,-13.28021,-3.6188,-61.5894,-1.80801,-0.97516,-47.23481
2009:3,0.18,-0.44648,-14.34498,-4.15994,-62.87425,-2.6119,-1.17079,-49.75124
2009:4,0.15,-0.57632,-14.3964,-4.5077,-62.13018,-3.01356,-0.25359,-52.81343
2009:5,0.18,-1.01576,-14.90887,-4.63851,-50,-3.30516,-3.34735,-44.50154
2009:6,0.21,-1.22917,-15.06102,-4.85864,-45.35519,-3.36769,-2.40694,-44.07266
2009:7,0.16,-1.95876,-13.79194,-4.94975,-37.85311,-3.11198,-1.1876,-35.64464
2009:8,0.16,-1.48384,-11.6156,-4.92848,-15.58442,-1.75932,-0.63137,-30.56872
2009:9,0.15,-1.37794,-7.05736,-4.78019,18.69159,-2.06085,-0.61154,-28.65854
2009:10,0.12,-0.22397,-7.50931,-4.59504,75.67568,-0.58798,-1.50575,-31.27413
2009:11,0.12,1.91459,-5.94946,-4.06071,115.68627,0.96333,-1.9573,-9.81595
2009:12,0.12,2.81412,-2.87965,-3.77524,241.66667,2.63131,-1.26028,3.75
2010:1,0.11,2.61073,0.51612,-3.17965,141.37931,2.15786,-1.83657,25.30612
2010:2,0.13,2.13723,1.509,-2.71996,131.03448,2.64943,-1.11663,3.78007
2010:3,0.16,2.26358,3.8271,-1.9932,141.93548,3.61905,-0.89551,25.94059
2010:4,0.2,2.19408,5.05555,-1.297,143.75,3.7467,-0.69287,43.72385
2010:5,0.2,2.00777,7.83513,-0.63617,78.16092,3.89869,-1.54443,7.96296
2010:6,0.18,1.1616,8.48982,-0.38108,14,3.65329,0.20739,-8.37607
2010:7,0.18,1.37431,8.09559,-0.18221,4.54545,3.5495,0.65582,-8.08081
2010:8,0.19,1.19149,7.37875,-0.04601,-5.38462,2.86291,1.22557,2.21843
2010:9,0.19,1.12109,6.87893,0.09065,11.02362,3.98465,0.9794,1.53846
2010:10,0.19,1.16161,6.16644,0.43624,9.23077,4.22284,1.65641,1.68539
2010:11,0.19,1.06337,5.96778,0.53398,26.36364,4.56159,1.72736,-7.31293
2010:12,0.18,1.42169,6.51018,0.82199,17.88618,4.35474,2.09245,-7.22892
2011:1,0.17,1.66279,5.25332,0.85494,16.42857,4.7114,2.81064,2.60586
2011:2,0.16,2.10126,4.39601,1.03665,22.38806,4.76048,3.29125,-14.40397
2011:3,0.14,2.60003,4.64281,1.07003,13.33333,4.83384,2.9176,-5.66038
2011:4,0.1,3.07302,3.74114,1.12489,9.61538,5.12224,1.89337,-19.35953
2011:5,0.09,3.50623,2.47178,0.8026,-1.29032,5.05809,1.16321,-3.77358
2011:6,0.09,3.54603,2.48039,1.04488,19.29825,5.02169,1.56062,13.43284
2011:7,0.07,3.6182,2.49034,1.18422,2.6087,5.32977,1.88194,14.10256
2011:8,0.1,3.73236,2.69818,1.3127,-9.7561,4.86479,1.50086,-2.33723
2011:9,0.08,3.84504,2.53279,1.52195,-20.56738,5.08039,1.33326,9.42761
2011:10,0.07,3.53249,3.38133,1.46927,-42.25352,4.67821,1.17742,12.33886
2011:11,0.08,3.45808,3.29112,1.48704,-35.2518,4.12412,0.78221,30.45872
2011:12,0.07,3.01946,2.81933,1.59081,-34.48276,3.74853,0.85468,28.75696
2012:1,0.08,2.97808,3.67402,1.82303,-31.90184,4.11277,1.0737,14.7619
2012:2,0.1,2.85011,4.63999,1.88178,-25,4.44047,1.34048,36.17021
2012:3,0.13,2.59111,3.21148,1.88645,-28.23529,3.88151,1.70369,15.83333
2012:4,0.14,2.28871,4.55274,1.70392,-28.65497,3.81756,2.16743,35.92058
2012:5,0.16,1.76331,4.56192,1.71019,-37.9085,3.52855,2.24163,26.20321
2012:6,0.16,1.70452,4.36967,1.59399,-45.58824,3.33539,1.94145,24.50658
2012:7,0.16,1.43026,4.28692,1.63805,-33.05085,3.24132,1.27079,18.7801
2012:8,0.13,1.68163,3.15264,1.6819,-2.7027,3.34276,1.15985,28.88889
2012:9,0.14,1.94641,3.33596,1.61934,3.57143,3.60499,1.99426,30.30769
2012:10,0.16,2.1569,2.72697,1.63975,34.14634,3.43844,2.52323,50
2012:11,0.16,1.78483,3.61406,1.65152,16.66667,3.6394,4.10164,17.15893
2012:12,0.16,1.76403,3.31661,1.69915,16.84211,3.85969,6.2392,40.63401
2013:1,0.14,1.60542,2.49274,1.56293,1.8018,3.64678,-0.80898,23.92808
2013:2,0.15,1.9554,2.76918,1.61024,0,3.57221,-0.86466,35.08523
2013:3,0.14,1.46154,3.6261,1.53209,-10.65574,3.49727,-0.71985,43.02158
2013:4,0.15,1.10086,2.59782,1.60585,-18.03279,3.11055,-0.67292,12.6162
2013:5,0.11,1.41556,2.37241,1.68367,4.21053,3.42823,-0.34604,29.23729
2013:6,0.09,1.76336,2.51796,1.75194,41.89189,3.89667,-0.29715,9.77543
2013:7,0.09,1.95516,1.77788,1.73993,24.05063,3.7012,-0.11654,21.35135
2013:8,0.08,1.51379,2.96979,1.78813,0,3.66328,0.43743,17.37401
2013:9,0.08,1.14979,3.4206,1.79068,-2.58621,3.39905,0.1866,1.88902
2013:10,0.09,0.91948,3.60483,1.79676,0.90909,3.5911,-0.66706,2.29508
2013:11,0.08,1.22972,3.17048,1.90808,0,3.99811,-1.96869,32.65306
2013:12,0.09,1.51234,3.25355,1.76774,-3.6036,3.92256,-4.90733,5.94262
2014:1,0.07,1.56147,2.94457,1.73623,7.07965,3.19113,1.59545,0.11161
2014:2,0.07,1.10491,3.24392,1.6393,-2.43902,3.01634,1.6077,-2.41851
2014:3,0.08,1.53614,3.63652,1.71895,8.25688,3.76402,1.70637,-4.42656
2014:4,0.09,1.96239,3.90419,1.82181,13,3.97334,1.5835,25.35377
2014:5,0.09,2.13636,4.29276,1.83136,21.21212,4.00803,1.38354,7.54098
2014:6,0.1,2.0755,4.51438,1.94635,10.47619,4.01487,1.41704,9.38628
2014:7,0.09,1.99655,5.05203,2.00632,21.42857,4.00272,1.57378,22.27171
2014:8,0.09,1.71141,4.35206,1.9711,7.40741,4.39035,1.51486,8.81356
2014:9,0.09,1.66422,4.53604,2.04202,5.30973,4.19565,1.29569,19.11935
2014:10,0.09,1.65111,4.40681,2.03575,-3.6036,4.17424,1.88465,16.66667
2014:11,0.09,1.28144,5.18284,2.10822,-15.2381,4.0586,2.21122,-5.61086
2014:12,0.12,0.66285,4.87824,2.26658,-28.03738,3.58454,2.98341,5.31915
